,Movie Name,Director,Year,Jump Count,Jump Scare Rating,Netflix (US),Imdb,link
0,10 Cloverfield Lane,Dan Trachtenberg,2016,8,2.5,No,7.3,https://wheresthejump.com/jump-scares-in-10-cloverfield-lane-2016/
1,28 Days Later,Danny Boyle,2003,10,3.0,No,7.6,https://wheresthejump.com/jump-scares-in-28-days-later-2002/
2,28 Weeks Later,Juan Carlos Fresnadillo,2007,17,3.5,No,7.0,https://wheresthejump.com/jump-scares-in-28-weeks-later-2007/
3,30 Days of Night,David Slade,2007,9,2.5,No,6.6,https://wheresthejump.com/jump-scares-in-30-days-of-night-2007/
4,31,Rob Zombie,2016,8,2.5,No,5.8,https://wheresthejump.com/jump-scares-in-31-2016/
5,47 Meters Down,Johannes Roberts,2017,11,3.0,Yes,5.7,https://wheresthejump.com/jump-scares-in-47-meters-down-2017/
6,1408,Mikael Håfström,2007,8,3.0,No,6.8,https://wheresthejump.com/jump-scares-in-1408-2007/
7,1922,Zak Hilditch,2017,2,1.0,Yes,6.5,https://wheresthejump.com/jump-scares-in-1922-2017/
8,A Cure for Wellness,Gore Verbinski,2016,6,1.5,No,6.5,https://wheresthejump.com/jump-scares-in-a-cure-for-wellness-2016/
9,A Ghost Story,David Lowery,2017,3,1.0,No,7.0,https://wheresthejump.com/jump-scares-in-a-ghost-story-2017/
10,A Girl Walks Home Alone at Night,Ana Lily Amirpour,2014,0,0.0,No,7.1,https://wheresthejump.com/jump-scares-in-a-girl-walks-home-alone-at-night-2014/
11,A Nightmare on Elm Street,Wes Craven,1984,11,2.5,No,7.5,https://wheresthejump.com/jump-scares-in-a-nightmare-on-elm-street-1984/
12,A Nightmare on Elm Street,Samuel Bayer,2010,15,3.0,No,5.2,https://wheresthejump.com/jump-scares-in-a-nightmare-on-elm-street-2010/
13,A Nightmare on Elm Street 2: Freddy's Revenge,Jack Sholder,1985,8,2.0,No,5.3,https://wheresthejump.com/jump-scares-in-a-nightmare-on-elm-street-ii-freddys-revenge-1985/
14,A Nightmare on Elm Street 3: Dream Warriors,Chuck Russell,1987,11,2.5,No,6.5,https://wheresthejump.com/jump-scares-in-a-nightmare-on-elm-street-iii-dream-warriors-1987/
15,A Quiet Place,John Krasinski,2018,14,4.0,No,7.8,https://wheresthejump.com/jump-scares-in-a-quiet-place-2018/
16,A Tale of Two Sisters,Jee-woon Kim,2003,14,3.0,No,7.3,https://wheresthejump.com/jump-scares-in-a-tale-of-two-sisters-2003/
17,Absentia,Mike Flanagan,2011,8,2.0,No,5.8,https://wheresthejump.com/jump-scares-in-absentia-2011/
18,Alien,Ridley Scott,1979,11,2.5,No,8.5,https://wheresthejump.com/jump-scares-in-alien-1979/
19,Alien: Covenant,Ridley Scott,2017,6,2.0,No,6.7,https://wheresthejump.com/jump-scares-in-alien-covenant-2017/
20,Alien 3,David Fincher,1992,12,2.5,No,6.4,https://wheresthejump.com/jump-scares-in-alien-iii-1992/
21,Alien: Resurrection,Jean-Pierre Jeunet,1997,9,3.0,No,6.3,https://wheresthejump.com/jump-scares-in-alien-resurrection-1997/
22,Aliens,James Cameron,1986,13,3.0,No,8.4,https://wheresthejump.com/jump-scares-in-aliens-1986/
23,Alone,"Banjong Pisanthanakun, Parkpoom Wongpoom",2007,21,4.5,No,6.6,https://wheresthejump.com/jump-scares-in-alone-2007/
24,Altered States,Ken Russell,1980,2,0.5,No,6.9,https://wheresthejump.com/jump-scares-in-altered-states-1980/
25,Amityville: The Awakening,Franck Khalfoun,2017,11,3.0,No,5.2,https://wheresthejump.com/jump-scares-in-amityville-the-awakening-2017/
26,Amnesiac,Michael Polish,2015,1,0.5,No,4.3,https://wheresthejump.com/jump-scares-in-amnesiac-2015/
27,An American Werewolf in London,James Landis,1981,14,3.0,No,7.6,https://wheresthejump.com/jump-scares-in-an-american-werewolf-in-london-1981/
28,An American Werewolf in Paris,Anthony Waller,1997,11,2.5,No,5.1,https://wheresthejump.com/jump-scares-in-an-american-werewolf-in-paris-1997/
29,Anaconda,Luis Llosa,1997,9,2.0,No,4.6,https://wheresthejump.com/jump-scares-in-anaconda-1997/
30,Anna,Jorge Dorado,2013,5,1.0,No,6.5,https://wheresthejump.com/jump-scares-in-anna-2013/
31,Annabelle,John R. Leonetti,2014,11,3.5,No,5.4,https://wheresthejump.com/jump-scares-in-annabelle-2014/
32,Annabelle Comes Home,Gary Dauberman,2019,20,4.0,No,6.0,https://wheresthejump.com/jump-scares-in-annabelle-comes-home-2019/
33,Annabelle: Creation,David F. Sandberg,2017,23,4.5,No,6.8,https://wheresthejump.com/jump-scares-in-annabelle-creation-2017/
34,Annihilation,Alex Garland,2018,4,1.5,Yes,7.8,https://wheresthejump.com/jump-scares-in-annihilation-2018/
35,Apollo 18,Gonzalo López-Gallego,2011,10,3.0,No,5.2,https://wheresthejump.com/jump-scares-in-apollo-18-2011/
36,Apostle,Gareth Evans,2018,5,1.5,Yes,6.6,https://wheresthejump.com/jump-scares-in-apostle-2018/
37,Army of Darkness,Sam Raimi,1992,9,2.0,No,7.6,https://wheresthejump.com/jump-scares-in-army-of-darkness-1992/
38,Arrival,Denis Villeneuve,2016,3,0.5,No,7.3,https://wheresthejump.com/jump-scares-in-arrival-2016/
39,"As Above, So Below",John Erick Dowdle,2014,7,3.0,Yes,6.1,https://wheresthejump.com/jump-scares-in-as-above-so-below-2014/
40,Attack the Block,Joe Cornish,2011,12,3.0,No,6.6,https://wheresthejump.com/jump-scares-in-attack-the-block-2011/
41,Audition,Takashi Miike,1999,1,0.5,No,7.2,https://wheresthejump.com/jump-scares-in-audition-1999/
42,Backcountry,Adam MacDonald,2014,4,0.5,Yes,6.0,https://wheresthejump.com/jump-scares-in-backcountry-2014/
43,Backtrack,Michael Petroni,2015,14,3.5,No,5.9,https://wheresthejump.com/jump-scares-in-backtrack-2015/
44,Banshee Chapter,Blair Erickson,2013,22,5.0,No,5.5,https://wheresthejump.com/jump-scares-in-banshee-chapter-2013/
45,Before I Wake,Mike Flanagan,2016,9,3.0,Yes,6.1,https://wheresthejump.com/jump-scares-in-before-i-wake-2016/
46,Berberian Sound Studio,Peter Strickland,2012,0,0.0,No,6.2,https://wheresthejump.com/jump-scares-in-berberian-sound-studio-2012/
47,Berlin Syndrome,Cate Shortland,2017,1,0.5,No,6.3,https://wheresthejump.com/jump-scares-in-berlin-syndrome-2017/
48,Better Watch Out,Chris Peckover,2016,11,2.5,No,6.9,https://wheresthejump.com/jump-scares-in-better-watch-out-2016/
49,Bird Box,Susanne Bier,2018,4,0.5,Yes,6.8,https://wheresthejump.com/jump-scares-in-bird-box-2018/
50,Black Christmas,Bob Clark,1974,4,1.5,No,7.2,https://wheresthejump.com/jump-scares-in-black-christmas-1974/
51,Black Swan,Darren Aronofsky,2010,10,3.0,No,8.0,https://wheresthejump.com/jump-scares-in-black-swan-2010/
52,Blade,Stephen Norrington,1998,1,1.0,No,7.1,https://wheresthejump.com/jump-scares-in-blade-1998/
53,Blair Witch,Adam Wingard,2016,18,4.0,No,5.0,https://wheresthejump.com/jump-scares-in-blair-witch-2016/
54,Bone Tomahawk,S. Craig Zahler,2015,0,0.0,No,7.1,https://wheresthejump.com/jump-scares-in-bone-tomahawk-2015/
55,Bram Stoker's Dracula,Francis Ford Coppola,1992,1,0.5,No,7.5,https://wheresthejump.com/jump-scares-in-bram-stokers-dracula-1992/
56,Bride of Chucky,Ronny Yu,1998,11,2.0,No,5.3,https://wheresthejump.com/jump-scares-in-bride-of-chucky-1998/
57,Cabin Fever,Eli Roth,2002,10,2.5,No,5.6,https://wheresthejump.com/jump-scares-in-cabin-fever-2002/
58,Cam,Daniel Goldhaber,2018,1,0.5,Yes,6.0,https://wheresthejump.com/jump-scares-in-cam-2018/
59,Candyman,Bernard Rose,1992,16,4.0,No,6.6,https://wheresthejump.com/jump-scares-in-candyman-1992/
60,Cape Fear,Martin Scorsese,1991,4,1.5,No,7.3,https://wheresthejump.com/jump-scares-in-cape-fear-1991/
61,Cargo,"Ben Howling, Yolanda Ramke",2017,2,0.5,Yes,6.8,https://wheresthejump.com/jump-scares-in-cargo-2017/
62,Carrie,Brian De Palma,1976,1,0.5,No,7.4,https://wheresthejump.com/jump-scares-in-carrie-1976/
63,Carrie,Kimberly Peirce,2013,4,1.0,No,5.9,https://wheresthejump.com/jump-scares-in-carrie-2013/
64,Case 39,Christian Alvart,2009,9,2.0,No,6.2,https://wheresthejump.com/jump-scares-in-case-39-2009/
65,Cat People,Jacques Tourneur,1942,2,1.0,No,7.4,https://wheresthejump.com/jump-scares-in-cat-people-1942/
66,Cell,Tod Williams,2016,5,2.0,No,4.3,https://wheresthejump.com/jump-scares-in-cell-2016/
67,Chernobyl Diaries,Bradley Parker,2012,16,3.5,Yes,5.0,https://wheresthejump.com/jump-scares-in-chernobyl-diaries-2012/
68,Children of the Corn,Fritz Kiersch,1984,8,3.0,No,5.6,https://wheresthejump.com/jump-scares-in-children-of-the-corn-1984/
69,Child's Play,Tom Holland,1988,8,2.5,No,6.5,https://wheresthejump.com/jump-scares-in-childs-play-1988/
70,Cloverfield,Matt Reeves,2008,7,2.0,No,7.0,https://wheresthejump.com/jump-scares-in-cloverfield-2008/
71,Clown,Jon Watts,2014,11,3.0,No,5.6,https://wheresthejump.com/jump-scares-in-clown-2014/
72,Cooties,"Jonathan Milott, Cary Murnion",2014,15,3.0,No,5.8,https://wheresthejump.com/jump-scares-in-cooties-2014/
73,Creep,Patrick Kack-Brice,2014,10,3.0,Yes,6.2,https://wheresthejump.com/jump-scares-in-creep-2014/
74,Creep 2,Patrick Brice,2017,6,2.0,Yes,6.3,https://wheresthejump.com/jump-scares-in-creep-ii-2017/
75,Crimson Peak,Guillermo del Toro,2015,9,2.5,No,6.6,https://wheresthejump.com/jump-scares-in-crimson-peak-2015/
76,Cube,Vincenzo Natali,1997,1,0.5,No,7.3,https://wheresthejump.com/jump-scares-in-cube-1997/
77,Cujo,Lewis Teague,1983,4,1.0,No,6.0,https://wheresthejump.com/jump-scares-in-cujo-1983/
78,Cult of Chucky,Don Mancini,2017,14,3.5,Yes,5.2,https://wheresthejump.com/jump-scares-in-cult-of-chucky-2017/
79,Cyberbully,Ben Chanan,2015,1,1.0,No,7.0,https://wheresthejump.com/jump-scares-in-cyberbully-2015/
80,Dark Shadows,Tim Burton,2012,2,0.5,No,6.2,https://wheresthejump.com/jump-scares-in-dark-shadows-2012/
81,Dark Skies,Scott Stewart,2013,11,2.5,No,6.3,https://wheresthejump.com/jump-scares-in-dark-skies-2013/
82,Dark Was The Night,Jack Heller,2014,16,3.0,No,5.6,https://wheresthejump.com/jump-scares-in-dark-was-the-night-2014/
83,Dark Water,Walter Salles,2005,7,2.0,No,5.5,https://wheresthejump.com/jump-scares-in-dark-water-2005/
84,Dawn of the Dead,Zack Synder,2004,10,2.0,No,7.4,https://wheresthejump.com/jump-scares-in-dawn-of-the-dead-2004/
85,Day of the Dead,George A. Romero,1985,10,3.0,No,7.2,https://wheresthejump.com/jump-scares-in-day-of-the-dead-1985/
86,Dead Alive,Peter Jackson,1992,3,1.0,No,7.6,https://wheresthejump.com/jump-scares-in-dead-alive-1992/
87,Dead Calm,Phillip Noyce,1989,2,1.0,No,6.8,https://wheresthejump.com/jump-scares-in-dead-calm-1989/
88,Dead End,"Jean-Baptiste Andrea, Fabrice Canepa",2003,9,2.5,No,6.7,https://wheresthejump.com/jump-scares-in-dead-end-2003/
89,Dead Silence,James Wan,2007,15,4.0,No,6.2,https://wheresthejump.com/jump-scares-in-dead-silence-2007/
90,Death Note,Adam Wingard,2017,6,1.5,Yes,4.6,https://wheresthejump.com/jump-scares-in-death-note-2017/
91,Deathgasm,Jason Lei Howden,2015,7,2.0,No,6.3,https://wheresthejump.com/jump-scares-in-deathgasm-2015/
92,Deep Blue Sea,Renny Harlin,1999,10,2.5,No,5.8,https://wheresthejump.com/jump-scares-in-deep-blue-sea-1999/
93,Deep Red,Dario Argento,1975,7,1.5,No,7.7,https://wheresthejump.com/jump-scares-in-deep-red-1975/
94,Deliver Us From Evil,Scott Derrickson,2014,16,4.0,No,6.2,https://wheresthejump.com/jump-scares-in-deliver-us-from-evil-2014/
95,Dementia,Mike Testin,2015,0,0.0,No,5.0,https://wheresthejump.com/jump-scares-in-dementia-2015/
96,Demonic,Will Canon,2015,17,4.0,Yes,5.3,https://wheresthejump.com/jump-scares-in-demonic-2015/
97,Devil,John Erick Dowdle,2010,4,1.5,No,6.3,https://wheresthejump.com/jump-scares-in-devil-2010/
98,Devil's Due,"Matt Bettinelli-Olpin, Tyler Gillett",2014,13,3.0,No,4.1,https://wheresthejump.com/jump-scares-in-devils-due-2014/
99,Devil's Pass,Renny Harlin,2013,10,2.5,No,5.7,https://wheresthejump.com/jump-scares-in-devils-pass-2013/
100,Dismissed,Benjamin Arfmann,2017,0,0.0,No,5.8,https://wheresthejump.com/jump-scares-in-dismissed-2017/
101,Disturbia,D.J. Caruso,2007,13,3.0,No,6.9,https://wheresthejump.com/jump-scares-in-disturbia-2007/
102,Dog Soldiers,Neil Marshall,2002,13,3.0,No,6.8,https://wheresthejump.com/jump-scares-in-dog-soldiers-2002/
103,Donnie Darko,Richard Kelly,2001,3,1.0,No,8.1,https://wheresthejump.com/jump-scares-in-donnie-darko-2001/
104,Don't Be Afraid of the Dark,Troy Nixey,2010,8,3.0,No,5.6,https://wheresthejump.com/jump-scares-in-dont-be-afraid-of-the-dark-2010/
105,Don't Breathe,Fede Alvarez,2016,17,3.5,No,7.2,https://wheresthejump.com/jump-scares-in-dont-breathe-2016/
106,Don't Knock Twice,Caradog W. James,2016,19,3.5,No,5.2,https://wheresthejump.com/jump-scares-in-dont-knock-twice-2016/
107,Doom,Andrzej Bartkowiak,2005,15,3.5,Yes,5.2,https://wheresthejump.com/jump-scares-in-doom-2005/
108,Dracula Untold,Gary Shore,2014,4,1.0,No,6.3,https://wheresthejump.com/jump-scares-in-dracula-untold-2014/
109,Drag Me To Hell,Sam Raimi,2009,23,4.5,No,6.6,https://wheresthejump.com/jump-scares-in-drag-me-to-hell-2009/
110,Dreamcatcher,Lawrence Kasdan,2003,11,3.0,No,5.5,https://wheresthejump.com/jump-scares-in-dreamcatcher-2003/
111,Eden Lake,James Watkins,2008,3,1.0,No,6.8,https://wheresthejump.com/jump-scares-in-eden-lake-2008/
112,Elle,Paul Verhoeven,2016,7,2.0,No,7.3,https://wheresthejump.com/jump-scares-in-elle-2016/
113,Emelie,Michael Thelin,2015,3,0.5,Yes,5.4,https://wheresthejump.com/jump-scares-in-emelie-2015/
114,Escape Room,Adam Robitel,2019,4,1.5,No,6.3,https://wheresthejump.com/jump-scares-in-escape-room-2019/
115,Europa Report,Sebastián Cordero,2013,1,0.5,No,6.5,https://wheresthejump.com/jump-scares-in-europa-report-2013/
116,Event Horizon,Paul W.S. Anderson,1997,11,3.0,No,6.7,https://wheresthejump.com/jump-scares-in-event-horizon-1997/
117,Evil Dead,Fede Alvarez,2013,20,4.0,No,6.5,https://wheresthejump.com/jump-scares-in-evil-dead-2013/
118,Evil Dead II,Sam Raimi,1987,27,4.0,No,7.8,https://wheresthejump.com/jump-scares-in-evil-dead-ii-1987/
119,Exorcist: The Beginning,Renny Harlin,2004,17,4.0,No,5.1,https://wheresthejump.com/jump-scares-in-exorcist-the-beginning-2004/
120,Extinction,Miguel Ángel Vivas,2015,12,3.0,No,5.8,https://wheresthejump.com/jump-scares-in-extinction-2015/
121,Extraterrestrial,Colin Minihan,2014,30,4.5,No,5.0,https://wheresthejump.com/jump-scares-in-extraterrestrial-2014/
122,Fear Clinic,Robert Hall,2014,13,3.0,No,5.6,https://wheresthejump.com/jump-scares-in-fear-clinic-2014/
123,Final Destination,James Wong,2000,4,2.0,Yes,6.7,https://wheresthejump.com/jump-scares-in-final-destination-2000/
124,Final Destination 2,David R. Ellis,2003,3,1.0,Yes,6.2,https://wheresthejump.com/jump-scares-in-final-destination-ii-2003/
125,Final Destination 3,James Wong,2006,5,1.0,Yes,5.8,https://wheresthejump.com/jump-scares-in-final-destination-iii-2006/
126,Final Destination 5,Steven Quale,2011,5,1.5,No,5.9,https://wheresthejump.com/jump-scares-in-final-destination-v-2011/
127,Flatliners,Joel Schumacher,1990,7,2.0,Yes,6.6,https://wheresthejump.com/jump-scares-in-flatliners-1990/
128,Flatliners,Niels Arden Oplev,2017,20,4.0,No,5.0,https://wheresthejump.com/jump-scares-in-flatliners-2017/
129,Frailty,Bill Paxton,2001,0,0.0,No,7.3,https://wheresthejump.com/jump-scares-in-frailty-2001/
130,Freddy vs. Jason,Ronny Yu,2003,24,4.0,No,5.8,https://wheresthejump.com/jump-scares-in-freddy-vs-jason-2003/
131,Friday the 13th,Sean S. Cunningham,1980,10,3.0,No,6.5,https://wheresthejump.com/jump-scares-in-friday-the-13th-1980/
132,Friday the 13th,Marcus Nispel,2009,23,4.0,No,5.6,https://wheresthejump.com/jump-scares-in-friday-the-13th-2009/
133,Friend Request,Simon Verhoeven,2016,21,4.0,Yes,5.4,https://wheresthejump.com/jump-scares-in-friend-request-2016/
134,Fright Night,Craig Gillespie,2011,10,3.0,No,6.4,https://wheresthejump.com/jump-scares-in-fright-night-2011/
135,Funny Games,Michael Haneke,1997,1,0.5,No,7.6,https://wheresthejump.com/jump-scares-in-funny-games-1997/
136,Funny Games,Michael Haneke,2007,1,0.5,No,6.5,https://wheresthejump.com/jump-scares-in-funny-games-2007/
137,Gerald's Game,Mike Flanagan,2017,3,0.5,Yes,7.1,https://wheresthejump.com/jump-scares-in-geralds-game-2017/
138,Get Out,Jordan Peele,2017,10,2.5,No,7.8,https://wheresthejump.com/jump-scares-in-get-out-2017/
139,Ghost Ship,Steve Beck,2002,12,3.0,Yes,5.5,https://wheresthejump.com/jump-scares-in-ghost-ship-2002/
140,Ghost Stories,"Jeremy Dyson, Andy Nyman",2017,20,4.0,No,6.6,https://wheresthejump.com/jump-scares-in-ghost-stories-2017/
141,Ghostland,Pascal Laugier,2018,21,4.0,No,6.3,https://wheresthejump.com/jump-scares-in-ghostland-2018/
142,Goodnight Mommy,"Severin Fiala, Veronika Franz",2014,1,0.5,No,6.7,https://wheresthejump.com/jump-scares-in-goodnight-mommy-2014/
143,Goosebumps,Rob Letterman,2015,10,2.5,No,6.4,https://wheresthejump.com/jump-scares-in-goosebumps-2015/
144,Gothika,Mathieu Kassovitz,2003,16,3.5,Yes,5.8,https://wheresthejump.com/jump-scares-in-gothika-2003/
145,Grave Encounters,"Colin Minihan, Stuart Ortiz",2011,12,4.0,No,6.1,https://wheresthejump.com/jump-scares-in-grave-encounters-2011/
146,Green Room,Jeremy Saulnier,2015,1,0.5,Yes,7.2,https://wheresthejump.com/jump-scares-in-green-room-2015/
147,Gremlins,Joe Dante,1984,17,3.5,No,7.2,https://wheresthejump.com/jump-scares-in-gremlins-1984/
148,Halloween,John Carpenter,1978,13,2.5,No,7.9,https://wheresthejump.com/jump-scares-in-halloween-1978/
149,Halloween,Rob Zombie,2007,9,3.0,No,6.1,https://wheresthejump.com/jump-scares-in-halloween-2007/
150,Halloween,David Gordon Green,2018,14,3.5,No,7.5,https://wheresthejump.com/jump-scares-in-halloween-2018/
151,Halloween H20: 20 Years Later,Steve Miner,1998,16,3.5,No,5.6,https://wheresthejump.com/jump-scares-in-halloween-h20-20-years-later-1998/
152,Halloween II,Rick Rosenthal,1981,8,2.0,No,6.5,https://wheresthejump.com/jump-scares-in-halloween-ii-1981/
153,Halloween II,Rob Zombie,2009,16,3.0,No,4.9,https://wheresthejump.com/jump-scares-in-halloween-ii-2009/
154,Hannibal,Ridley Scott,2001,2,0.5,No,6.8,https://wheresthejump.com/jump-scares-in-hannibal-2001/
155,Hannibal Rising,Peter Webber,2007,0,0.0,No,6.2,https://wheresthejump.com/jump-scares-in-hannibal-rising-2007/
156,Happy Death Day 2U,Christopher Landon,2019,7,2.0,No,6.5,https://wheresthejump.com/jump-scares-in-happy-death-day-2u-2019/
157,Happy Death Day,Christopher Landon,2017,8,2.5,No,6.7,https://wheresthejump.com/jump-scares-in-happy-death-day-2017/
158,Hellboy,Guillermo del Toro,2004,6,1.5,No,6.8,https://wheresthejump.com/jump-scares-in-hellboy-2004/
159,Hellraiser,Clive Barker,1987,5,2.0,No,7.1,https://wheresthejump.com/jump-scares-in-hellraiser-1987/
160,Here Alone,Rod Blackhurst,2016,2,0.5,Yes,5.6,https://wheresthejump.com/jump-scares-in-here-alone-2016/
161,Hereditary,Ari Aster,2018,8,2.0,No,8.1,https://wheresthejump.com/jump-scares-in-hereditary-2018/
162,Hidden,"Matt Duffer, Ross Duffer",2015,4,1.5,No,6.4,https://wheresthejump.com/jump-scares-in-hidden-2015/
163,Hide and Seek,John Polson,2005,16,3.5,No,5.9,https://wheresthejump.com/jump-scares-in-hide-and-seek-2005/
164,High Tension,Alexandre Aja,2003,8,2.5,No,6.9,https://wheresthejump.com/jump-scares-in-high-tension-2003/
165,Holidays,Various Directors,2016,5,2.0,Yes,5.1,https://wheresthejump.com/jump-scares-in-holidays-2016/
166,Hollow Man,Paul Verhoeven,2000,9,2.5,No,5.7,https://wheresthejump.com/jump-scares-in-hollow-man-2000/
167,Honeymoon,Leigh Janiak,2014,3,0.5,No,5.6,https://wheresthejump.com/jump-scares-in-honeymoon-2014/
168,Horns,Alexandre Aja,2013,3,0.5,No,6.5,https://wheresthejump.com/jump-scares-in-horns-2013/
169,Hostel,Eli Roth,2005,2,0.5,No,5.9,https://wheresthejump.com/jump-scares-in-hostel-2005/
170,Hounds of Love,Ben Young,2016,0,0.0,No,6.6,https://wheresthejump.com/jump-scares-in-hounds-of-love-2016/
171,Hour of the Wolf,Ingmar Bergman,1968,1,0.5,No,7.7,https://wheresthejump.com/jump-scares-in-hour-of-the-wolf-1968/
172,House,Steve Miner,1986,11,3.0,No,6.2,https://wheresthejump.com/jump-scares-in-house-1986/
173,House of 1000 Corpses,Rob Zombie,2003,6,2.5,No,6.0,https://wheresthejump.com/jump-scares-in-house-of-1000-corpses-2003/
174,House of Wax,Jaume Collet-Serra,2005,16,4.0,No,5.3,https://wheresthejump.com/jump-scares-in-house-of-wax-2005/
175,House on Haunted Hill,William Malone,1999,14,3.0,No,5.6,https://wheresthejump.com/jump-scares-in-house-on-haunted-hill-1999/
176,Hush,Mike Flanagan,2016,7,2.5,Yes,6.6,https://wheresthejump.com/jump-scares-in-hush-2016/
177,I Am Legend,Francis Lawrence,2007,9,2.5,No,7.2,https://wheresthejump.com/jump-scares-in-i-am-legend-2007/
178,I Am Not a Serial Killer,Billy O’Brien,2016,3,1.0,No,6.2,https://wheresthejump.com/jump-scares-in-i-am-not-a-serial-killer-2016/
179,I Am the Pretty Thing That Lives in the House,Oz Perkins,2016,4,0.5,Yes,4.7,https://wheresthejump.com/jump-scares-in-i-am-the-pretty-thing-that-lives-in-the-house-2016/
180,I Know What You Did Last Summer,Jim Gillespie,1997,13,3.5,Yes,5.6,https://wheresthejump.com/jump-scares-in-i-know-what-you-did-last-summer-1997/
181,Identity,James Mangold,2003,11,2.5,No,7.3,https://wheresthejump.com/jump-scares-in-identity-2003/
182,Idle Hands,Rodman Flender,1999,10,3.0,No,6.2,https://wheresthejump.com/jump-scares-in-idle-hands-1999/
183,In The Mouth Of Madness,John Carpenter,1994,10,3.0,No,7.2,https://wheresthejump.com/jump-scares-in-in-the-mouth-of-madness-1994/
184,Incarnate,Brad Peyton,2016,9,2.5,No,5.1,https://wheresthejump.com/jump-scares-in-incarnate-2016/
185,Inland Empire,David Lynch,2006,8,2.5,No,7.0,https://wheresthejump.com/jump-scares-in-inland-empire-2006/
186,Inside,"Alexandre Bustillo, Julien Maury",2007,4,1.0,No,6.9,https://wheresthejump.com/jump-scares-in-inside-2007/
187,Insidious,James Wan,2010,24,5.0,No,6.8,https://wheresthejump.com/jump-scares-in-insidious-2010/
188,Insidious: Chapter 2,James Wan,2013,22,4.0,No,6.6,https://wheresthejump.com/jump-scares-in-insidious-chapter-2-2013/
189,Insidious: Chapter 3,Leigh Whannell,2015,15,4.0,No,6.1,https://wheresthejump.com/jump-scares-in-insidious-chapter-3-2015/
190,Insidious: The Last Key,Adam Robitel,2018,15,4.0,No,5.8,https://wheresthejump.com/jump-scares-in-insidious-the-last-key-2018/
191,Interview With the Vampire,Neil Jordan,1994,6,2.0,No,7.6,https://wheresthejump.com/jump-scares-in-interview-with-the-vampire-1994/
192,Intruders,Adam Schindler,2015,4,1.0,No,5.7,https://wheresthejump.com/jump-scares-in-intruders-2015/
193,Invasion of the Body Snatchers,Philip Kaufman,1978,4,1.0,No,7.4,https://wheresthejump.com/jump-scares-in-invasion-of-the-body-snatchers-1978/
194,It,Andy Muschietti,2017,23,4.0,No,8.2,https://wheresthejump.com/jump-scares-in-it-2017/
195,It Chapter Two,Andy Muschietti,2019,24,4.0,No,7.0,https://wheresthejump.com/jump-scares-in-it-chapter-two-2019/
196,It Comes at Night,Trey Edward Shults,2017,5,1.5,No,6.8,https://wheresthejump.com/jump-scares-in-it-comes-at-night-2017/
197,It Follows,David Robert Mitchell,2014,5,2.0,No,6.9,https://wheresthejump.com/jump-scares-in-it-follows-2014/
198,Jacob's Ladder,Adrian Lyne,1990,4,1.0,No,7.5,https://wheresthejump.com/jump-scares-in-jacobs-ladder-1990/
199,Jaws,Steven Spielberg,1975,4,2.5,No,8.1,https://wheresthejump.com/jump-scares-in-jaws-1975/
200,Jeepers Creepers,Victor Salva,2001,11,3.5,No,6.1,https://wheresthejump.com/jump-scares-in-jeepers-creepers-2001/
201,Jennifer's Body,Karyn Kusama,2009,6,2.0,No,5.1,https://wheresthejump.com/jump-scares-in-jennifers-body-2009/
202,Jessabelle,Kevin Greutert,2014,9,2.0,No,5.4,https://wheresthejump.com/jump-scares-in-jessabelle-2014/
203,Jigsaw,"Michael Spierig, Peter Spierig",2017,7,2.0,No,6.3,https://wheresthejump.com/jump-scares-in-jigsaw-2017/
204,Joy Ride,John Dahl,2001,2,0.5,No,6.6,https://wheresthejump.com/jump-scares-in-joy-ride-2001/
205,Julia's Eyes,Guillem Morales,2010,7,2.0,No,6.6,https://wheresthejump.com/jump-scares-in-julias-eyes-2010/
206,Jurassic Park,Steven Spielberg,1993,9,2.5,No,8.1,https://wheresthejump.com/jump-scares-in-jurassic-park-1993/
207,Jurassic World,Colin Trevorrow,2015,5,2.0,No,7.0,https://wheresthejump.com/jump-scares-in-jurassic-world-2015/
208,Jurassic World: Fallen Kingdom,J.A. Bayona,2018,7,2.0,No,6.5,https://wheresthejump.com/jump-scares-in-jurassic-world-fallen-kingdom-2018/
209,Kill List,Ben Wheatley,2011,1,0.5,No,6.3,https://wheresthejump.com/jump-scares-in-kill-list-2011/
210,Knock Knock,Eli Roth,2015,2,0.5,No,4.9,https://wheresthejump.com/jump-scares-in-knock-knock-2015/
211,Krampus,Michael Dougherty,2015,10,2.0,No,6.2,https://wheresthejump.com/jump-scares-in-krampus-2015/
212,Lake Mungo,Joel Anderson,2008,1,0.5,No,6.1,https://wheresthejump.com/jump-scares-in-lake-mungo-2008/
213,Lake Placid,Steve Miner,1999,11,2.5,No,5.6,https://wheresthejump.com/jump-scares-in-lake-placid-1999/
214,Last Shift,Anthony DiBlasi,2014,17,4.0,No,5.7,https://wheresthejump.com/jump-scares-in-last-shift-2014/
215,Leatherface,"Alexandre Bustillo, Julien Maury",2017,13,3.0,No,5.2,https://wheresthejump.com/jump-scares-in-leatherface-2017/
216,Let Me In,Matt Reeves,2010,3,0.5,No,7.2,https://wheresthejump.com/jump-scares-in-let-me-in-2010/
217,Let The Right One In,Tomas Alfredson,2008,2,0.5,No,8.0,https://wheresthejump.com/jump-scares-in-let-the-right-one-in-2008/
218,Let Us Prey,Brian O’Malley,2014,7,3.0,No,5.6,https://wheresthejump.com/jump-scares-in-let-us-prey-2014/
219,Life,Daniel Espinosa,2017,8,2.0,No,6.8,https://wheresthejump.com/jump-scares-in-life-2017/
220,Lights Out,David F. Sandberg,2016,19,4.5,No,6.4,https://wheresthejump.com/jump-scares-in-lights-out-2016/
221,Little Evil,Eli Craig,2017,7,1.5,Yes,5.8,https://wheresthejump.com/jump-scares-in-little-evil-2017/
222,Ma,Tate Taylor,2019,3,1.0,No,5.7,https://wheresthejump.com/jump-scares-in-ma-2019/
223,Maggie,Henry Hobson,2015,4,0.5,No,5.6,https://wheresthejump.com/jump-scares-in-maggie-2015/
224,Malevolent,Olaf de Fleur Johannesson,2018,8,3.0,Yes,4.8,https://wheresthejump.com/jump-scares-in-malevolent-2018/
225,Malice,Harold Becker,1993,3,1.0,No,6.4,https://wheresthejump.com/jump-scares-in-malice-1993/
226,Mama,Andrés Muschietti,2013,13,3.5,No,6.2,https://wheresthejump.com/jump-scares-in-mama-2013/
227,Mandy,Panos Cosmatos,2018,5,1.5,No,6.9,https://wheresthejump.com/jump-scares-in-mandy-2018/
228,Marrowbone,Sergio G. Sánchez,2017,5,2.5,No,6.6,https://wheresthejump.com/jump-scares-in-marrowbone-2017/
229,Martyrs,Pascal Laugier,2008,15,3.0,No,7.1,https://wheresthejump.com/jump-scares-in-martyrs-2008/
230,May,Lucky McKee,2002,0,0.0,No,6.7,https://wheresthejump.com/jump-scares-in-may-2002/
231,Mayhem,Joe Lynch,2017,2,0.5,No,6.5,https://wheresthejump.com/jump-scares-in-mayhem-2017/
232,Megan Is Missing,Michael Goi,2011,1,0.5,No,4.9,https://wheresthejump.com/jump-scares-in-megan-is-missing-2011/
233,Midsommar,Ari Aster,2019,3,1.0,No,7.4,https://wheresthejump.com/jump-scares-in-midsommar-2019/
234,Mirrors,Alexandre Aja,2008,15,4.0,No,6.2,https://wheresthejump.com/jump-scares-in-mirrors-2008/
235,Misery,Rob Reiner,1990,3,0.5,No,7.8,https://wheresthejump.com/jump-scares-in-misery-1990/
236,Mom and Dad,Brian Taylor,2017,5,1.5,No,5.7,https://wheresthejump.com/jump-scares-in-mom-and-dad-2017/
237,Morgan,Luke Scott,2016,3,0.5,No,5.9,https://wheresthejump.com/jump-scares-in-morgan-2016/
238,Mother!,Darren Aronofsky,2017,7,2.0,No,7.0,https://wheresthejump.com/jump-scares-in-mother-2017/
239,Mulholland Drive,David Lynch,2001,1,1.0,No,8.0,https://wheresthejump.com/jump-scares-in-mulholland-drive-2001/
240,My Bloody Valentine,George Mihalka,1981,11,2.5,No,6.2,https://wheresthejump.com/jump-scares-in-my-bloody-valentine-1981/
241,My Friend Dahmer,Marc Meyers,2017,0,0.0,No,6.5,https://wheresthejump.com/jump-scares-in-my-friend-dahmer-2017/
242,Nerve,"Henry Joost, Ariel Schulman",2016,1,0.5,No,6.7,https://wheresthejump.com/jump-scares-in-nerve-2016/
243,Nocturnal Animals,Tom Ford,2016,1,1.0,No,7.5,https://wheresthejump.com/jump-scares-in-nocturnal-animals-2016/
244,Noroi: The Curse,Kôji Shiraishi,2005,4,1.0,No,7.0,https://wheresthejump.com/jump-scares-in-noroi-the-curse-2005/
245,Oculus,Mike Flanagan,2013,14,3.5,No,6.5,https://wheresthejump.com/jump-scares-in-oculus-2013/
246,Odd Thomas,Stephen Sommers,2013,10,3.0,No,6.9,https://wheresthejump.com/jump-scares-in-odd-thomas-2013/
247,One Hour Photo,Mark Romanek,2002,1,0.5,No,6.8,https://wheresthejump.com/jump-scares-in-one-hour-photo-2002/
248,One Missed Call,Eric Valette,2008,15,3.5,No,3.9,https://wheresthejump.com/jump-scares-in-one-missed-call-2008/
249,Only Lovers Left Alive,Jim Jarmusch,2013,0,0.0,No,7.3,https://wheresthejump.com/jump-scares-in-only-lovers-left-alive-2013/
250,Orphan,Jaume Collet-Serra,2009,12,3.0,No,7.0,https://wheresthejump.com/jump-scares-in-orphan-2009/
251,Ouija,Stiles White,2014,16,4.0,No,4.4,https://wheresthejump.com/jump-scares-in-ouija-2014/
252,Ouija: Origin of Evil,Mike Flanagan,2016,18,4.0,No,6.1,https://wheresthejump.com/jump-scares-in-ouija-origin-of-evil-2016/
253,Overlord,Julius Avery,2018,12,2.5,No,7.1,https://wheresthejump.com/jump-scares-in-overlord-2018/
254,P2,Franck Khalfoun,2007,16,4.0,No,5.9,https://wheresthejump.com/jump-scares-in-p2-2007/
255,Pandorum,Christian Alvart,2009,13,4.0,Yes,6.8,https://wheresthejump.com/jump-scares-in-pandorum-2009/
256,Pan's Labyrinth,Guillermo del Toro,2006,6,1.5,No,8.2,https://wheresthejump.com/jump-scares-in-pans-labyrinth-2006/
257,Paranormal Activity,Oren Peli,2007,10,3.5,No,6.3,https://wheresthejump.com/jump-scares-in-paranormal-activity-2007/
258,Paranormal Activity 2,Tod Williams,2010,14,3.5,No,5.7,https://wheresthejump.com/jump-scares-in-paranormal-activity-ii-2010/
259,Paranormal Activity 3,"Henry Joost, Ariel Schulman",2011,20,4.0,No,5.9,https://wheresthejump.com/jump-scares-in-paranormal-activity-iii-2011/
260,Paranormal Activity 4,"Henry Joost, Ariel Schulman",2012,21,4.0,No,4.6,https://wheresthejump.com/jump-scares-in-paranormal-activity-iv/
261,Paranormal Activity: The Ghost Dimension,Gregory Plotkin,2015,29,4.0,No,4.6,https://wheresthejump.com/jump-scares-in-paranormal-activity-v-the-ghost-dimension/
262,Patient Zero,Stefan Ruzowitzky,2018,6,1.5,No,4.3,https://wheresthejump.com/jump-scares-in-patient-zero-2018/
263,Pay The Ghost,Uli Edel,2015,13,3.0,No,5.2,https://wheresthejump.com/jump-scares-in-pay-the-ghost-2015/
264,Personal Shopper,Olivier Assayas,2016,4,0.5,No,6.2,https://wheresthejump.com/jump-scares-in-personal-shopper-2016/
265,Pet,Carles Torrens,2016,2,1.0,No,5.7,https://wheresthejump.com/jump-scares-in-pet-2016/
266,Pet Sematary,Mary Lambert,1989,13,3.5,No,6.6,https://wheresthejump.com/jump-scares-in-pet-sematary-1989/
267,Pet Sematary,"Kevin Kölsch, Dennis Widmyer",2019,14,3.5,No,6.4,https://wheresthejump.com/jump-scares-in-pet-sematary-2019/
268,Planet Terror,Robert Rodriguez,2007,14,2.5,No,7.2,https://wheresthejump.com/jump-scares-in-planet-terror-2007/
269,Poltergeist,Tobe Hooper,1982,9,1.0,Yes,7.4,https://wheresthejump.com/jump-scares-in-poltergeist-1982/
270,Poltergeist,Gil Kenan,2015,21,4.0,No,5.0,https://wheresthejump.com/jump-scares-in-poltergeist-2015/
271,Pontypool,Bruce McDonald,2008,1,0.5,No,6.7,https://wheresthejump.com/jump-scares-in-pontypool-2008/
272,Predator,John McTiernan,1987,7,2.0,No,7.8,https://wheresthejump.com/jump-scares-in-predator-1987/
273,Prevenge,Alice Lowe,2016,0,0.5,No,6.1,https://wheresthejump.com/jump-scares-in-prevenge-2016/
274,Pride and Prejudice and Zombies,Burr Steers,2016,7,2.0,No,5.8,https://wheresthejump.com/jump-scares-in-pride-and-prejudice-and-zombies-2016/
275,Prince of Darkness,John Carpenter,1987,7,2.5,No,6.7,https://wheresthejump.com/jump-scares-in-prince-of-darkness-1987/
276,Prometheus,Ridley Scott,2012,7,1.5,No,7.0,https://wheresthejump.com/jump-scares-in-prometheus-2012/
277,Psycho,Alfred Hitchcock,1960,2,0.5,No,8.6,https://wheresthejump.com/jump-scares-in-psycho-1960/
278,Quarantine,John Erick Dowdle,2008,14,3.5,No,6.0,https://wheresthejump.com/jump-scares-in-quarantine-2008/
279,Ravenous,Antonia Bird,1999,4,1.0,No,7.1,https://wheresthejump.com/jump-scares-in-ravenous-1999/
280,Raw,Julia Ducournau,2016,3,1.0,Yes,7.1,https://wheresthejump.com/jump-scares-in-raw-2016/
281,Re-Animator,Stuart Gordon,1985,4,1.0,No,7.3,https://wheresthejump.com/jump-scares-in-re-animator-1985/
282,[Rec],"Jaume Balagueró, Paco Plaza",2007,11,3.5,No,7.5,https://wheresthejump.com/jump-scares-in-rec-2007/
283,Red Dragon,Brett Ratner,2002,6,2.0,No,7.2,https://wheresthejump.com/jump-scares-in-red-dragon-2002/
284,Regression,Alejandro Amenábar,2015,3,1.0,No,5.7,https://wheresthejump.com/jump-scares-in-regression-2015/
285,Repulsion,Roman Polanski,1965,7,2.5,No,7.8,https://wheresthejump.com/jump-scares-in-repulsion-1965/
286,Resident Evil,Paul W.S. Anderson,2002,7,2.5,No,6.7,https://wheresthejump.com/jump-scares-in-resident-evil-2002/
287,Resident Evil: The Final Chapter,Paul W.S. Anderson,2016,29,4.5,No,5.6,https://wheresthejump.com/jump-scares-in-resident-evil-the-final-chapter-2016/
288,Resolution,"Justin Benson, Aaron Moorhead",2012,2,0.5,No,6.2,https://wheresthejump.com/jump-scares-in-resolution-2012/
289,Restoration,Zack Ward,2016,10,3.0,No,4.0,https://wheresthejump.com/jump-scares-in-restoration-2016/
290,Ring (Ringu),Hideo Nakata,1998,5,2.0,No,7.3,https://wheresthejump.com/jump-scares-in-ring-1998/
291,Rings,F. Javier Gutiérrez,2017,19,3.5,No,4.5,https://wheresthejump.com/jump-scares-in-rings-2017/
292,Rosemary's Baby,Roman Polanski,1968,0,0.0,No,8.0,https://wheresthejump.com/jump-scares-in-rosemarys-baby-1968/
293,Saw,James Wan,2004,5,2.0,No,7.7,https://wheresthejump.com/jump-scares-in-saw-2004/
294,Saw II,Darren Lynn Bousman,2005,5,1.0,No,6.6,https://wheresthejump.com/jump-scares-in-saw-ii-2005/
295,Saw III,Darren Lynn Bousman,2006,5,1.5,No,6.2,https://wheresthejump.com/jump-scares-in-saw-iii-2006/
296,Saw IV,Darren Lynn Bousman,2007,6,1.5,No,5.9,https://wheresthejump.com/jump-scares-in-saw-iv-2007/
297,Saw V,David Hackl,2008,5,1.0,No,5.8,https://wheresthejump.com/jump-scares-in-saw-v-2008/
298,Saw VI,Kevin Greutert,2009,2,0.5,No,6.0,https://wheresthejump.com/jump-scares-in-saw-vi-2009/
299,Scary Movie,Keenen Ivory Wayans,2000,8,1.5,No,6.2,https://wheresthejump.com/jump-scares-in-scary-movie-2000/
300,Scary Movie 2,Keenen Ivory Wayans,2001,8,1.5,Yes,5.3,https://wheresthejump.com/jump-scares-in-scary-movie-ii-2001/
301,Scream,Wes Craven,1996,19,3.5,No,7.2,https://wheresthejump.com/jump-scares-in-scream-1996/
302,Scream 2,Wes Craven,1997,19,4.0,No,6.1,https://wheresthejump.com/jump-scares-in-scream-ii-1997/
303,Scream 3,Wes Craven,2000,23,4.0,No,5.5,https://wheresthejump.com/jump-scares-in-scream-iii-2000/
304,Scream 4,Wes Craven,2011,18,3.5,Yes,6.2,https://wheresthejump.com/jump-scares-in-scream-iv-2011/
305,Searching,Aneesh Chaganty,2018,0,0.0,No,7.7,https://wheresthejump.com/jump-scares-in-searching-2018/
306,Secret Window,David Koepp,2004,10,2.0,No,6.6,https://wheresthejump.com/jump-scares-in-secret-window-2004/
307,Session 9,Brad Anderson,2001,0,0.0,No,6.5,https://wheresthejump.com/jump-scares-in-session-9-2001/
308,Seven,David Fincher,1995,1,0.5,No,8.6,https://wheresthejump.com/jump-scares-in-seven-1995/
309,Shaun of the Dead,Edgar Wright,2004,13,2.5,No,8.0,https://wheresthejump.com/jump-scares-in-shaun-of-the-dead-2004/
310,Shutter,"Banjong Pisanthanakun, Parkpoom Wongpoom",2004,11,4.0,Yes,7.1,https://wheresthejump.com/jump-scares-in-shutter-2004/
311,Shutter Island,Martin Scorsese,2010,9,2.0,No,8.1,https://wheresthejump.com/jump-scares-in-shutter-island-2010/
312,Signs,M. Night Shyamalan,2002,8,2.0,No,6.7,https://wheresthejump.com/jump-scares-in-signs-2002/
313,Silent Hill,Christophe Gans,2006,7,1.5,No,6.6,https://wheresthejump.com/jump-scares-in-silent-hill-2006/
314,Silent Hill: Revelation,Michael J. Bassett,2012,22,4.0,No,5.0,https://wheresthejump.com/jump-scares-in-silent-hill-revelation-2012/
315,Silver Bullet,Dan Attias,1985,15,3.0,No,6.4,https://wheresthejump.com/jump-scares-in-silver-bullet-1985/
316,Sinister,Scott Derrickson,2012,17,5.0,No,6.8,https://wheresthejump.com/jump-scares-in-sinister-2012/
317,Sinister 2,Ciarán Foy,2015,19,4.0,No,5.2,https://wheresthejump.com/jump-scares-in-sinister-ii-2015/
318,Sleepaway Camp,Robert Hiltzik,1983,6,1.5,No,6.3,https://wheresthejump.com/jump-scares-in-sleepaway-camp-1983/
319,Sleepy Hollow,Tim Burton,1999,1,0.5,No,7.4,https://wheresthejump.com/jump-scares-in-sleepy-hollow-1999/
320,Slender Man,Sylvain White,2018,15,3.5,No,3.1,https://wheresthejump.com/jump-scares-in-slender-man-2018/
321,Slither,James Gunn,2006,10,3.0,No,6.5,https://wheresthejump.com/jump-scares-in-slither-2006/
322,Slumber,Jonathan Hopkins,2017,12,3.0,No,4.9,https://wheresthejump.com/jump-scares-in-slumber-2017/
323,Species,Roger Donaldson,1995,7,3.0,No,5.8,https://wheresthejump.com/jump-scares-in-species-1995/
324,Sphere,Barry Levinson,1998,4,1.0,No,6.0,https://wheresthejump.com/jump-scares-in-sphere-1998/
325,Splinter,Toby Wilkins,2008,10,3.0,No,6.1,https://wheresthejump.com/jump-scares-in-splinter-2008/
326,Split,M. Night Shyamalan,2016,3,0.5,No,7.3,https://wheresthejump.com/jump-scares-in-split-2016/
327,Spring,"Justin Benson, Aaron Moorhead",2014,1,0.5,No,6.6,https://wheresthejump.com/jump-scares-in-spring-2014/
328,Stake Land,Jim Mickle,2010,1,0.5,No,6.5,https://wheresthejump.com/jump-scares-in-stake-land-2010/
329,Starry Eyes,"Kevin Kolsch, Dennis Widmyer",2014,9,2.0,No,6.0,https://wheresthejump.com/jump-scares-in-starry-eyes-2014/
330,Stephanie,Akiva Goldsman,2017,18,3.0,Yes,5.8,https://wheresthejump.com/jump-scares-in-stephanie-2017/
331,Stir of Echoes,David Koepp,1999,9,3.0,No,7.0,https://wheresthejump.com/jump-scares-in-stir-of-echoes-1999/
332,Summer of 84,"Anouk Whissell, François Simard, Yoann-Karl Whissell",2018,19,4.0,No,6.7,https://wheresthejump.com/jump-scares-in-summer-of-84-2018/
333,Sunshine,Danny Boyle,2007,6,1.5,No,7.3,https://wheresthejump.com/jump-scares-in-sunshine-2007/
334,Super 8,J.J. Abrams,2011,15,3.5,No,7.1,https://wheresthejump.com/jump-scares-in-super-8-2011/
335,Suspiria,Dario Argento,1977,6,1.5,No,7.5,https://wheresthejump.com/jump-scares-in-suspiria-1977/
336,Suspiria,Luca Guadagnino,2018,2,0.5,No,7.1,https://wheresthejump.com/jump-scares-in-suspiria-2018/
337,Tales of Halloween,Various Directors,2015,14,3.0,Yes,5.4,https://wheresthejump.com/jump-scares-in-tales-of-halloween-2015/
338,Terrifier,Damien Leone,2017,18,3.5,Yes,5.7,https://wheresthejump.com/jump-scares-in-terrifier-2017/
339,Texas Chainsaw 3D,John Luessenhop,2013,14,3.0,No,4.8,https://wheresthejump.com/jump-scares-in-texas-chainsaw-3d-2013/
340,The 9th Life of Louis Drax,Alexandre Aja,2016,4,1.0,No,6.3,https://wheresthejump.com/jump-scares-in-the-9th-life-of-louis-drax-2016/
341,The Abandoned,Eytan Rockaway,2015,21,3.5,No,5.0,https://wheresthejump.com/jump-scares-in-the-abandoned-2015/
342,The ABCs of Death,Various Directors,2012,0,0.0,No,4.7,https://wheresthejump.com/jump-scares-in-the-abcs-of-death-2012/
343,The Abyss,James Cameron,1989,2,0.5,No,7.6,https://wheresthejump.com/jump-scares-in-the-abyss-1989/
344,The Amityville Horror,Stuart Rosenberg,1979,8,2.5,No,6.2,https://wheresthejump.com/jump-scares-in-the-amityville-horror-1979/
345,The Amityville Horror,Andrew Douglas,2005,16,4.0,No,6.0,https://wheresthejump.com/jump-scares-in-the-amityville-horror-2005/
346,The Atticus Institute,Chris Sparling,2015,13,3.5,No,5.4,https://wheresthejump.com/jump-scares-in-the-atticus-institute-2015/
347,The Autopsy of Jane Doe,André Øvredal,2016,12,3.0,Yes,6.8,https://wheresthejump.com/jump-scares-in-the-autopsy-of-jane-doe-2016/
348,The Babadook,Jennifer Kent,2014,11,3.0,No,6.9,https://wheresthejump.com/jump-scares-in-the-babadook-2014/
349,The Babysitter,McG,2017,8,2.5,Yes,6.6,https://wheresthejump.com/jump-scares-in-the-babysitter-2017/
350,The Bay,Barry Levinson,2012,8,2.5,No,5.6,https://wheresthejump.com/jump-scares-in-the-bay-2012/
351,The Belko Experiment,Greg McLean,2016,8,2.5,No,6.2,https://wheresthejump.com/jump-scares-in-the-belko-experiment-2016/
352,The Blackcoat's Daughter,Osgood Perkins,2015,3,0.5,No,5.3,https://wheresthejump.com/jump-scares-in-the-blackcoats-daughter-2015/
353,The Blair Witch Project,"Daniel Myrick, Eduardo Sánchez",1999,0,0.0,No,6.4,https://wheresthejump.com/jump-scares-in-the-blair-witch-project-1999/
354,The Borderlands (Final Prayer),Elliot Goldner,2013,12,3.0,No,5.7,https://wheresthejump.com/jump-scares-in-the-borderlands-final-prayer-2013/
355,The Boy,Craig Macneill,2015,1,0.5,No,5.4,https://wheresthejump.com/jump-scares-in-the-boy-2015/
356,The Boy,William Brent Bell,2016,11,3.0,Yes,6.0,https://wheresthejump.com/jump-scares-in-the-boy-2016/
357,The Burning,Tony Maylam,1981,21,4.0,No,6.5,https://wheresthejump.com/jump-scares-in-the-burning-1981/
358,The Butterfly Effect,"Eric Bress, J. Mackye Gruber",2004,4,1.0,No,7.7,https://wheresthejump.com/jump-scares-in-the-butterfly-effect-2004/
359,The Bye Bye Man,Stacy Title,2017,13,3.0,No,4.3,https://wheresthejump.com/jump-scares-in-the-bye-bye-man-2017/
360,The Cabin In The Woods,Drew Goddard,2012,13,3.0,No,7.0,https://wheresthejump.com/jump-scares-in-the-cabin-in-the-woods-2012/
361,The Call,Brad Anderson,2013,8,2.5,No,6.7,https://wheresthejump.com/jump-scares-in-the-call-2013/
362,The Canal,Ivan Kavanagh,2014,4,2.0,No,5.9,https://wheresthejump.com/jump-scares-in-the-canal-2014/
363,The Changeling,Peter Medak,1980,7,2.0,No,7.3,https://wheresthejump.com/jump-scares-in-the-changeling-1980/
364,The Cloverfield Paradox,Julius Onah,2018,8,3.0,Yes,6.2,https://wheresthejump.com/jump-scares-in-the-cloverfield-paradox-2018/
365,The Collector,Marcus Dunstan,2009,2,1.0,No,6.4,https://wheresthejump.com/jump-scares-in-the-collector-2009/
366,The Conjuring,James Wan,2013,12,4.0,Yes,7.5,https://wheresthejump.com/jump-scares-in-the-conjuring-2013/
367,The Conjuring 2,James Wan,2016,22,5.0,No,7.4,https://wheresthejump.com/jump-scares-in-the-conjuring-ii-2016/
368,The Conspiracy,Christopher MacBride,2012,1,0.5,No,6.4,https://wheresthejump.com/jump-scares-in-the-conspiracy-2012/
369,The Conversation,Francis Ford Coppola,1974,1,0.5,No,7.9,https://wheresthejump.com/jump-scares-in-the-conversation-1974/
370,The Craft,Andrew Fleming,1996,4,1.0,No,6.3,https://wheresthejump.com/jump-scares-in-the-craft-1996/
371,The Crazies,Breck Eisner,2010,18,4.0,No,6.6,https://wheresthejump.com/jump-scares-in-the-crazies-2010/
372,The Crucifixion,Xavier Gens,2017,19,4.5,No,5.0,https://wheresthejump.com/jump-scares-in-the-crucifixion-2017/
373,The Cured,David Freyne,2017,16,3.0,No,5.6,https://wheresthejump.com/jump-scares-in-the-cured-2017/
374,The Curse of La Llorona,Michael Chaves,2019,20,4.0,No,5.4,https://wheresthejump.com/jump-scares-in-the-curse-of-la-llorona-2019/
375,The Dead Don’t Die,Jim Jarmusch,2019,0,0.0,No,5.6,https://wheresthejump.com/jump-scares-in-the-dead-dont-die-2019/
376,The Den,Zachary Donohue,2013,14,4.0,No,6.1,https://wheresthejump.com/jump-scares-in-the-den-2013/
377,The Descent,Neil Marshall,2005,16,4.0,No,7.2,https://wheresthejump.com/jump-scares-in-the-descent-2005/
378,The Devil Inside,William Brent Bell,2012,8,2.5,No,4.1,https://wheresthejump.com/jump-scares-in-the-devil-inside-2012/
379,The Devil's Backbone,Guillermo del Toro,2001,4,1.5,No,7.5,https://wheresthejump.com/jump-scares-in-the-devils-backbone-2001/
380,The Devil's Candy,Sean Byrne,2015,8,2.0,Yes,6.7,https://wheresthejump.com/jump-scares-in-the-devils-candy-2015/
381,The Devil's Rejects,Rob Zombie,2005,0,0.0,No,6.9,https://wheresthejump.com/jump-scares-in-the-devils-rejects-2005/
382,The Disappointments Room,D.J. Caruso,2016,9,2.5,Yes,3.9,https://wheresthejump.com/jump-scares-in-the-disappointments-room-2016/
383,The Endless,"Justin Benson, Aaron Moorhead",2017,7,2.5,No,6.6,https://wheresthejump.com/jump-scares-in-the-endless-2017/
384,The Evil Dead,Sam Raimi,1981,22,4.0,No,7.6,https://wheresthejump.com/jump-scares-in-the-evil-dead-1981/
385,The Exorcism of Emily Rose,Scott Derrickson,2005,8,2.5,No,6.7,https://wheresthejump.com/jump-scares-in-the-exorcism-of-emily-rose-2005/
386,The Exorcist,William Friedkin,1973,10,1.5,No,8.0,https://wheresthejump.com/jump-scares-in-the-exorcist-1973/
387,The Exorcist III,William Peter Blatty,1990,11,2.5,No,6.3,https://wheresthejump.com/jump-scares-in-the-exorcist-iii/
388,The Eye,"Danny Pang, Oxide Chun Pang",2002,5,2.0,No,6.7,https://wheresthejump.com/jump-scares-in-the-eye-2002/
389,The Eyes of My Mother,Nicolas Pesce,2016,0,0.0,Yes,6.3,https://wheresthejump.com/jump-scares-in-the-eyes-of-my-mother-2016/
390,The Faculty,Robert Rodriguez,1998,11,3.0,No,6.4,https://wheresthejump.com/jump-scares-in-the-faculty-1998/
391,The Final Destination,David R. Ellis,2009,4,1.0,No,5.2,https://wheresthejump.com/jump-scares-in-the-final-destination-2009/
392,The Final Girls,Todd Strauss-Schulson,2015,8,1.5,No,6.7,https://wheresthejump.com/jump-scares-in-the-final-girls-2015/
393,The First Purge,Gerard McMurray,2018,8,2.5,No,5.2,https://wheresthejump.com/jump-scares-in-the-first-purge-2018/
394,The Fly,David Cronenberg,1986,2,0.5,No,7.5,https://wheresthejump.com/jump-scares-in-the-fly-1986/
395,The Fog,John Carpenter,1980,16,3.5,No,6.8,https://wheresthejump.com/jump-scares-in-the-fog-1980/
396,The Forest,Jason Zada,2016,13,3.5,No,4.8,https://wheresthejump.com/jump-scares-in-the-forest-2016/
397,The Forgotten,Joseph Ruben,2004,7,3.0,No,5.8,https://wheresthejump.com/jump-scares-in-the-forgotten-2004/
398,The Gallows,"Travis Cluff, Chris Lofing",2015,21,4.0,No,4.2,https://wheresthejump.com/jump-scares-in-the-gallows-2015/
399,The Gift,Joel Edgerton,2015,5,1.5,No,7.1,https://wheresthejump.com/jump-scares-in-the-gift-2015/
400,The Girl with All the Gifts,Colm McCarthy,2016,3,1.0,No,6.8,https://wheresthejump.com/jump-scares-in-the-girl-with-all-the-gifts-2016/
401,The Good Neighbor,Kasra Farahani,2016,7,2.0,Yes,6.3,https://wheresthejump.com/jump-scares-in-the-good-neighbor-2016/
402,The Green Inferno,Eli Roth,2013,4,1.0,No,5.7,https://wheresthejump.com/jump-scares-in-the-green-inferno-2013/
403,The Grudge,Takashi Shimizu,2004,23,4.0,No,5.9,https://wheresthejump.com/jump-scares-in-the-grudge-2004/
404,The Guest,Adam Wingard,2014,5,1.5,No,6.7,https://wheresthejump.com/jump-scares-in-the-guest-2014/
405,The Hallow,Corin Hardy,2015,17,3.5,No,5.7,https://wheresthejump.com/jump-scares-in-the-hallow-2015/
406,The Happening,M. Night Shyamalan,2008,1,0.5,No,5.0,https://wheresthejump.com/jump-scares-in-the-happening-2008/
407,The Harvest,John McNaughton,2013,0,0.0,No,5.9,https://wheresthejump.com/jump-scares-in-the-harvest-2013/
408,The Haunting,Robert Wise,1963,3,1.0,No,7.6,https://wheresthejump.com/jump-scares-in-the-haunting-1963/
409,The Haunting in Connecticut,Peter Cornwell,2009,26,4.5,No,5.9,https://wheresthejump.com/jump-scares-in-the-haunting-in-connecticut-2009/
410,The Haunting in Connecticut 2: Ghosts of Georgia,Tom Elkins,2013,32,5.0,No,5.3,https://wheresthejump.com/jump-scares-in-the-haunting-in-connecticut-ii-ghosts-of-georgia-2013/
411,The Hills Have Eyes,Alexandre Aja,2006,9,2.5,No,6.4,https://wheresthejump.com/jump-scares-in-the-hills-have-eyes-2006/
412,The Hole,Nick Hamm,2001,3,0.5,No,6.2,https://wheresthejump.com/jump-scares-in-the-hole-2001/
413,The House of the Devil,Ti West,2009,4,1.0,No,6.4,https://wheresthejump.com/jump-scares-in-the-house-of-the-devil-2009/
414,The House on Pine Street,"Aaron Keeling, Austin Keeling",2015,5,1.0,No,5.3,https://wheresthejump.com/jump-scares-in-the-house-on-pine-street-2015/
415,The House with a Clock in Its Walls,Eli Roth,2018,8,1.5,No,6.2,https://wheresthejump.com/jump-scares-in-the-house-with-a-clock-in-its-walls-2018/
416,The Howling,Joe Dante,1981,10,2.5,No,6.6,https://wheresthejump.com/jump-scares-in-the-howling-1981/
417,The Human Centipede (First Sequence),Tom Six,2009,4,1.5,No,4.4,https://wheresthejump.com/jump-scares-in-the-human-centipede-first-sequence-2009/
418,The Innkeepers,Ti West,2011,9,2.0,No,5.5,https://wheresthejump.com/jump-scares-in-the-innkeepers-2011/
419,The Innocents,Jack Clayton,1961,4,0.5,No,7.9,https://wheresthejump.com/jump-scares-in-the-innocents-1961/
420,The Invitation,Karyn Kusama,2015,5,1.0,Yes,6.6,https://wheresthejump.com/jump-scares-in-the-invitation-2015/
421,The Jacket,John Maybury,2005,6,1.5,No,7.1,https://wheresthejump.com/jump-scares-in-the-jacket-2005/
422,The Killing of a Sacred Deer,Yorgos Lanthimos,2017,3,0.5,No,7.6,https://wheresthejump.com/jump-scares-in-the-killing-of-a-sacred-deer-2017/
423,The Last Exorcism,Daniel Stamm,2010,7,2.0,No,5.6,https://wheresthejump.com/jump-scares-in-the-last-exorcism-2010/
424,The Last House on the Left,Dennis Iliadis,2009,4,0.5,No,6.6,https://wheresthejump.com/jump-scares-in-the-last-house-on-the-left-2009/
425,The Lazarus Effect,David Gelb,2015,18,4.5,No,5.2,https://wheresthejump.com/jump-scares-in-the-lazarus-effect-2015/
426,The Limehouse Golem,Juan Carlos Medina,2016,0,0.0,No,6.4,https://wheresthejump.com/jump-scares-in-the-limehouse-golem-2016/
427,The Little Stranger,Lenny Abrahamson,2018,0,0.0,No,5.6,https://wheresthejump.com/jump-scares-in-the-little-stranger-2018/
428,The Love Witch,Anna Biller,2016,0,0.0,No,6.2,https://wheresthejump.com/jump-scares-in-the-love-witch-2016/
429,The Meg,Jon Turteltaub,2018,18,3.5,No,6.1,https://wheresthejump.com/jump-scares-in-the-meg-2018/
430,The Messengers,"Danny Pang, Oxide Chun Pang",2007,27,4.5,No,5.4,https://wheresthejump.com/jump-scares-in-the-messengers-2007/
431,The Midnight Meat Train,Ryûhei Kitamura,2008,1,0.5,No,6.2,https://wheresthejump.com/jump-scares-in-the-midnight-meat-train-2008/
432,The Mist,Frank Darabont,2007,5,1.0,No,7.2,https://wheresthejump.com/jump-scares-in-the-mist-2007/
433,The Monster,Bryan Bertino,2016,11,3.0,Yes,5.4,https://wheresthejump.com/jump-scares-in-the-monster-2016/
434,The Mothman Prophecies,Mark Pellington,2002,4,1.0,No,6.5,https://wheresthejump.com/jump-scares-in-the-mothman-prophecies-2002/
435,The Mummy,Alex Kurtzman,2017,16,3.5,No,5.5,https://wheresthejump.com/jump-scares-in-the-mummy-2017/
436,The Neighbor,Marcus Dunstan,2016,3,1.0,No,5.8,https://wheresthejump.com/jump-scares-in-the-neighbor-2016/
437,The Neon Demon,Nicolas Winding Refn,2016,2,0.5,No,6.2,https://wheresthejump.com/jump-scares-in-the-neon-demon-2016/
438,The New Daughter,Luiso Berdejo,2009,11,2.5,No,5.3,https://wheresthejump.com/jump-scares-in-the-new-daughter-2009/
439,The Ninth Gate,Roman Polanski,1999,0,0.0,No,6.7,https://wheresthejump.com/jump-scares-in-the-ninth-gate-1999/
440,The Number 23,Joel Schumacher,2007,3,0.5,No,6.4,https://wheresthejump.com/jump-scares-in-the-number-23-2007/
441,The Nun,Corin Hardy,2018,21,4.5,No,6.0,https://wheresthejump.com/jump-scares-in-the-nun-2018/
442,The Omen,Richard Donner,1976,1,0.5,No,7.6,https://wheresthejump.com/jump-scares-in-the-omen-1976/
443,The Ones Below,David Farr,2015,0,0.0,Yes,6.1,https://wheresthejump.com/jump-scares-in-the-ones-below-2015/
444,The Open House,"Matt Angel, Suzanne Coote",2018,14,3.0,Yes,3.3,https://wheresthejump.com/jump-scares-in-the-open-house-2018/
445,The Orphanage,J.A. Bayona,2007,6,1.5,No,7.5,https://wheresthejump.com/jump-scares-in-the-orphanage-2007/
446,The Other Side of the Door,Johannes Roberts,2016,16,3.5,No,5.3,https://wheresthejump.com/jump-scares-in-the-other-side-of-the-door-2016/
447,The Others,Alejandro Amenábar,2001,4,2.0,No,7.6,https://wheresthejump.com/jump-scares-in-the-others-2001
448,The Pact,Nicholas McCarthy,2012,12,3.0,No,5.8,https://wheresthejump.com/jump-scares-in-the-pact-2012/
449,The People Under the Stairs,Wes Craven,1991,13,3.0,No,6.3,https://wheresthejump.com/jump-scares-in-the-people-under-the-stairs-1991/
450,The Perfection,Richard Shepard,2019,1,0.5,Yes,6.1,https://wheresthejump.com/jump-scares-in-the-perfection-2019/
451,The Possession,Ole Bornedal,2012,10,3.0,No,5.9,https://wheresthejump.com/jump-scares-in-the-possession-2012/
452,The Possession of Michael King,David Jung,2014,20,4.0,No,5.7,https://wheresthejump.com/jump-scares-in-the-possession-of-michael-king-2014/
453,The Predator,Shane Black,2018,6,1.5,No,5.6,https://wheresthejump.com/jump-scares-in-the-predator-2018/
454,The Purge,James DeMonaco,2013,12,3.0,No,5.6,https://wheresthejump.com/jump-scares-in-the-purge-2013/
455,The Purge: Anarchy,James DeMonaco,2014,13,3.0,No,6.5,https://wheresthejump.com/jump-scares-in-the-purge-anarchy-2014/
456,The Purge: Election Year,James DeMonaco,2016,9,2.5,No,6.0,https://wheresthejump.com/jump-scares-in-the-purge-election-year-2016/
457,The Quiet Ones,John Pogue,2014,23,4.0,No,5.1,https://wheresthejump.com/jump-scares-in-the-quiet-ones-2014/
458,The Return of the Living Dead,Dan O'Bannon,1985,1,0.5,No,7.3,https://wheresthejump.com/jump-scares-in-the-return-of-the-living-dead-1985/
459,The Ring,Gore Verbinski,2002,9,2.5,No,7.1,https://wheresthejump.com/jump-scares-in-the-ring-2002/
460,The Ring Two,Hideo Nakata,2005,11,3.0,No,5.4,https://wheresthejump.com/jump-scares-in-the-ring-two-2005/
461,The Rite,Mikael Håfström,2011,7,2.0,Yes,6.0,https://wheresthejump.com/jump-scares-in-the-rite-2011/
462,The Ritual,David Bruckner,2017,15,3.0,Yes,6.3,https://wheresthejump.com/jump-scares-in-the-ritual-2017/
463,The Sacrament,Ti West,2013,2,0.5,No,6.1,https://wheresthejump.com/jump-scares-in-the-sacrament-2013/
464,The Shallows,Jaume Collet-Serra,2016,9,2.5,No,6.3,https://wheresthejump.com/jump-scares-in-the-shallows-2016/
465,The Shape of Water,Guillermo del Toro,2017,2,0.5,No,8.1,https://wheresthejump.com/jump-scares-in-the-shape-of-water-2017/
466,The Shining,Stanley Kubrick,1980,3,0.5,Yes,8.4,https://wheresthejump.com/jump-scares-in-the-shining-1980/
467,The Silence of the Lambs,Jonathan Demme,1991,0,0.0,No,8.6,https://wheresthejump.com/jump-scares-in-the-silence-of-the-lambs-1991/
468,The Sixth Sense,M. Night Shyamalan,1999,8,1.5,Yes,8.2,https://wheresthejump.com/jump-scares-in-the-sixth-sense-1999/
469,The Skeleton Key,Iain Softley,2005,11,3.0,No,6.5,https://wheresthejump.com/jump-scares-in-the-skeleton-key-2005/
470,The Snowman,Tomas Alfredson,2017,9,2.0,No,5.1,https://wheresthejump.com/jump-scares-in-the-snowman-2017/
471,The Strangers,Bryan Bertino,2008,16,4.5,No,6.2,https://wheresthejump.com/jump-scares-in-the-strangers-2008/
472,The Strangers: Prey at Night,Johannes Roberts,2018,14,3.5,No,5.5,https://wheresthejump.com/jump-scares-in-the-strangers-prey-at-night-2018/
473,The Taking of Deborah Logan,Adam Robitel,2014,19,3.5,No,6.0,https://wheresthejump.com/jump-scares-in-the-taking-of-deborah-logan-2014/
474,The Texas Chain Saw Massacre,Tobe Hooper,1974,2,1.0,No,7.5,https://wheresthejump.com/jump-scares-in-the-texas-chain-saw-massacre-1974/
475,The Texas Chainsaw Massacre,Marcus Nispel,2003,16,3.0,No,6.2,https://wheresthejump.com/jump-scares-in-the-texas-chainsaw-massacre-2003/
476,The Texas Chainsaw Massacre: The Beginning,Jonathan Liebesman,2006,17,3.5,Yes,5.9,https://wheresthejump.com/jump-scares-in-the-texas-chainsaw-massacre-the-beginning-2006/
477,The Thing,John Carpenter,1982,7,2.0,No,8.2,https://wheresthejump.com/jump-scares-in-the-thing-1982/
478,The Thing,Matthijs van Heijningen Jr.,2011,7,2.5,No,6.2,https://wheresthejump.com/jump-scares-in-the-thing-2011/
479,The Town That Dreaded Sundown,Alfonso Gomez-Rejon,2014,8,3.0,No,5.6,https://wheresthejump.com/jump-scares-in-the-town-that-dreaded-sundown-2014/
480,The Transfiguration,Michael O’Shea,2016,2,1.0,No,5.9,https://wheresthejump.com/jump-scares-in-the-transfiguration-2016/
481,The Tunnel,Carlo Ledesma,2011,6,2.5,No,5.9,https://wheresthejump.com/jump-scares-in-the-tunnel-2011/
482,The Unborn,David S. Goyer,2009,14,3.5,Yes,4.8,https://wheresthejump.com/jump-scares-in-the-unborn-2009/
483,The Uninvited,Charles & Thomas Guard,2009,11,3.0,Yes,6.4,https://wheresthejump.com/jump-scares-in-the-uninvited-2009/
484,The Veil,Phil Joanou,2016,12,3.0,Yes,4.7,https://wheresthejump.com/jump-scares-in-the-veil-2016/
485,The Village,M. Night Shyamalan,2004,4,1.0,No,6.5,https://wheresthejump.com/jump-scares-in-the-village-2004/
486,The Visit,M. Night Shyamalan,2015,8,2.5,No,6.2,https://wheresthejump.com/jump-scares-in-the-visit-2015/
487,The Voices,Marjane Satrapi,2014,3,0.5,No,6.3,https://wheresthejump.com/jump-scares-in-the-voices-2014/
488,The Void,"Jeremy Gillespie, Steven Kostanski",2016,8,2.0,Yes,5.8,https://wheresthejump.com/jump-scares-in-the-void-2016/
489,The Wailing,Na Hong-jin,2016,4,1.0,Yes,7.5,https://wheresthejump.com/jump-scares-in-the-wailing-2016/
490,The Ward,John Carpenter,2010,15,4.0,No,5.6,https://wheresthejump.com/jump-scares-in-the-ward-2010/
491,The Wicker Man,Robin Hardy,1973,4,0.5,No,7.6,https://wheresthejump.com/jump-scares-in-the-wicker-man-1973/
492,The Witch,Robert Eggers,2015,4,1.5,Yes,6.8,https://wheresthejump.com/jump-scares-in-the-witch-2015/
493,The Wolfman,Joe Johnston,2010,18,4.0,No,5.8,https://wheresthejump.com/jump-scares-in-the-wolfman-2010/
494,The Woman in Black,James Watkins,2012,16,4.0,No,6.5,https://wheresthejump.com/jump-scares-in-the-woman-in-black-2012/
495,The Woman in Black 2: Angel of Death,Tom Harper,2014,14,4.0,No,4.9,https://wheresthejump.com/jump-scares-in-the-woman-in-black-ii-angel-of-death-2014/
496,Them (Ils),"David Moreau, Xavier Palud",2006,16,4.0,No,6.5,https://wheresthejump.com/jump-scares-in-them-2006/
497,Thesis (Tesis),Alejandro Amenábar,1996,3,0.5,No,7.5,https://wheresthejump.com/jump-scares-in-thesis-1996/
498,They Look Like People,Perry Blackshear,2015,2,0.5,No,6.1,https://wheresthejump.com/jump-scares-in-they-look-like-people-2015/
499,Thirteen Ghosts,Steve Beck,2001,17,3.0,No,5.5,https://wheresthejump.com/jump-scares-in-thirteen-ghosts-2001/
500,Timecrimes,Nacho Vigalondo,2007,3,0.5,No,7.2,https://wheresthejump.com/jump-scares-in-timecrimes-2007/
501,Tragedy Girls,Tyler Macintyre,2017,8,2.0,No,6.1,https://wheresthejump.com/jump-scares-in-tragedy-girls-2017/
502,Train to Busan,Sang-ho Yeon,2016,4,1.0,Yes,7.5,https://wheresthejump.com/jump-scares-in-train-to-busan-2016/
503,Trash Fire,Richard Bates Jr.,2016,0,0.0,Yes,5.8,https://wheresthejump.com/jump-scares-in-trash-fire-2016/
504,Tremors,Ron Underwood,1990,16,2.5,No,7.1,https://wheresthejump.com/jump-scares-in-tremors-1990/
505,Triangle,Christopher Smith,2009,5,1.0,No,6.9,https://wheresthejump.com/jump-scares-in-triangle-2009/
506,Trick 'r Treat,Michael Dougherty,2007,6,2.5,No,6.8,https://wheresthejump.com/jump-scares-in-trick-r-treat-2007
507,Truth or Dare,Jeff Wadlow,2018,7,2.0,No,4.8,https://wheresthejump.com/jump-scares-in-truth-or-dare-2018/
508,Tucker and Dale vs. Evil,Eli Craig,2010,9,1.5,No,7.6,https://wheresthejump.com/jump-scares-in-tucker-and-dale-vs-evil-2010/
509,Tusk,Kevin Smith,2014,0,0.0,Yes,5.4,https://wheresthejump.com/jump-scares-in-tusk-2014/
510,Under the Shadow,Babak Anvari,2016,9,3.5,Yes,7.0,https://wheresthejump.com/jump-scares-in-under-the-shadow-2016/
511,Unfriended,Leo Gabriadze,2014,5,3.0,No,5.8,https://wheresthejump.com/jump-scares-in-unfriended-2014/
512,Unfriended: Dark Web,Stephen Susco,2018,6,1.5,No,5.5,https://wheresthejump.com/jump-scares-in-unfriended-dark-web-2018/
513,Unsane,Steven Soderbergh,2018,2,0.5,No,6.7,https://wheresthejump.com/jump-scares-in-unsane-2018/
514,Urban Legend,Jamie Blanks,1998,17,4.0,No,5.5,https://wheresthejump.com/jump-scares-in-urban-legend-1998/
515,Us,Jordan Peele,2019,11,2.5,No,7.4,https://wheresthejump.com/jump-scares-in-us-2019/
516,Uzumaki,Higuchinsky,2000,15,3.0,No,6.2,https://wheresthejump.com/jump-scares-in-uzumaki-2000/
517,Vacancy,Nimród Antal,2007,12,2.5,No,6.2,https://wheresthejump.com/jump-scares-in-vacancy-2007/
518,Velvet Buzzsaw,Dan Gilroy,2019,10,2.5,No,6.1,https://wheresthejump.com/jump-scares-in-velvet-buzzsaw-2019/
519,Veronica,Paco Plaza,2017,10,3.0,Yes,6.5,https://wheresthejump.com/jump-scares-in-veronica-2017/
520,V/H/S,Various Directors,2012,7,3.5,No,5.8,https://wheresthejump.com/jump-scares-in-vhs-2012/
521,V/H/S/2,Various Directors,2013,14,4.0,No,6.1,https://wheresthejump.com/jump-scares-in-vhs-ii-2013/
522,Victor Frankenstein,Paul McGuigan,2015,6,1.5,No,6.0,https://wheresthejump.com/jump-scares-in-victor-frankenstein-2015/
523,Viral,"Henry Joost, Ariel Schulman",2016,20,4.0,No,5.5,https://wheresthejump.com/jump-scares-in-viral-2016/
524,Visions,Kevin Greutert,2015,10,3.5,No,5.4,https://wheresthejump.com/jump-scares-in-visions-2015/
525,Wait Until Dark,Terence Young,1967,1,0.5,No,7.9,https://wheresthejump.com/jump-scares-in-wait-until-dark-1967/
526,We Are Still Here,Ted Geoghegan,2015,12,3.0,No,5.7,https://wheresthejump.com/jump-scares-in-we-are-still-here-2015/
527,Wes Craven's New Nightmare,Wes Craven,1994,11,2.5,No,6.4,https://wheresthejump.com/jump-scares-in-wes-cravens-new-nightmare-1994/
528,What Lies Beneath,Robert Zemeckis,2000,16,3.0,No,6.6,https://wheresthejump.com/jump-scares-in-what-lies-beneath-2000/
529,When a Stranger Calls,Fred Walton,1979,5,2.0,No,6.6,https://wheresthejump.com/jump-scares-in-when-a-stranger-calls-1979/
530,Wildling,Fritz Böhm,2018,4,1.5,No,6.1,https://wheresthejump.com/jump-scares-in-wildling-2018/
531,Winchester,"Michael Spierig, Peter Spierig",2018,17,4.0,No,5.4,https://wheresthejump.com/jump-scares-in-winchester-2018/
532,Wind Chill,Gregory Jacobs,2007,13,3.0,No,5.9,https://wheresthejump.com/jump-scares-in-wind-chill-2007/
533,Wish Upon,John R. Leonetti,2017,11,2.0,No,4.8,https://wheresthejump.com/jump-scares-in-wish-upon-2017/
534,Wolf Creek,Greg McLean,2005,0,0.0,No,6.3,https://wheresthejump.com/jump-scares-in-wolf-creek-2005/
535,World War Z,Marc Forster,2013,7,2.5,No,7.0,https://wheresthejump.com/jump-scares-in-world-war-z-2013/
536,Would You Rather,David Guy Levy,2012,3,1.0,Yes,5.8,https://wheresthejump.com/jump-scares-in-would-you-rather-2012/
537,Wrong Turn,Rob Schmidt,2003,13,3.0,No,6.1,https://wheresthejump.com/jump-scares-in-wrong-turn-2003/
538,You're Next,Adam Wingard,2011,11,3.0,No,6.5,https://wheresthejump.com/jump-scares-in-youre-next-2011/
539,Zodiac,David Fincher,2007,3,0.5,No,7.7,https://wheresthejump.com/jump-scares-in-zodiac-2007/
540,Zombieland,Ruben Fleischer,2009,9,3.0,No,7.7,https://wheresthejump.com/jump-scares-in-zombieland-2009/
